imagem,nome,rua,bairro,endereco,telefone,horarios,coordenadas,prato,descricao,link
https://cdb-static-files.s3.amazonaws.com/wp-content/uploads/2025/03/15053709/angurmeculinariaafrobrasileira.jpg,Angurmê Culinária Afro-brasileira,"Rua Visconde de Abaeté, 123",Vila Isabel,"Rua Visconde de Abaeté, 123 | Vila Isabel, Rio de Janeiro - RJ",21992029229,"Quarta, das 17h às 23h | Quinta, das 17h às 23h | Sexta, das 12h à 0h | Sábado, das 12h à 0h | Domingo, das 12h à 0h |","-22.9136502,-43.2443823",Festinha de miúdos,Empadão de fubá com recheio de miúdos de frango.,https://comidadibuteco.com.br/buteco/angurme-culinaria-afro-brasileira-2/
https://cdb-static-files.s3.amazonaws.com/wp-content/uploads/2025/03/15053652/antoniosnordestino.jpg,Antônio’s Nordestino,"Rua Ati, 365",Tanque,"Rua Ati, 365 | Tanque, Rio de Janeiro - RJ",21997988080,"Terça, das 11h às 22h | Quarta, das 11h às 22h | Quinta, das 11h às 22h | Sexta, das 11h às 22h | Sábado, das 11h às 22h | Domingo, das 11h às 19h |","-22.9211600,-43.3557862",Harmonia do Sertão,"Escondidinho de aipim com carne-seca desfiada, queijo coalho, feijão-de-corda, gratinado no forno. Acompanha: manteiga de garrafa e queijo parmesão ralado.",https://comidadibuteco.com.br/buteco/antonios-nordestino/
https://cdb-static-files.s3.amazonaws.com/wp-content/uploads/2025/03/20104701/armazemsaothiago.jpg,Armazém São Thiago,"Rua Áurea, 26",Santa Teresa,"Rua Áurea, 26 | Santa Teresa, Rio de Janeiro - RJ",2122320822,"Segunda, das 12h às 23h | Terça, das 12h às 23h | Quarta, das 12h às 23h | Quinta, das 12h às 23h | Sexta, das 12h às 23h30 | Sábado, das 12h às 23h30 | Domingo, das 12h às 21h30 |","-22.9228736,-43.1884430",Croqueta Espetaculosa,"Croquetas de diferentes tipos de carne de porco: barriga de porco, pernil, blend de costelinhas e joelho de porco com geleia de bacon com cebolas e especiarias.",https://comidadibuteco.com.br/buteco/armazem-sao-thiago/
https://cdb-static-files.s3.amazonaws.com/wp-content/uploads/2025/03/15053635/artchoop.jpg,Art Chopp,"Rua Macembu, 63 Rio de Janeiro - RJ",Desconhecido,"Rua Macembu, 63 Rio de Janeiro - RJ",21995668424,"Terça, das 17h às 0h30 | Quarta, das 17h às 0h30 | Quinta, das 17h às 0h30 | Sexta, das 12h às 0h30 | Sábado, das 12h às 0h30 | Domingo, das 12h às 22h |",,Peitinho de Boi Defumado!,"Peito bovino defumado em lenha de macieira, acompanhado com chips de aipim frito e vinagrete.",https://comidadibuteco.com.br/buteco/3500-revision-v1/
https://cdb-static-files.s3.amazonaws.com/wp-content/uploads/2025/03/15053604/baixogago.jpg,Baixo Gago,"Rua Gago Coutinho, 51",Laranjeiras,"Rua Gago Coutinho, 51 | Laranjeiras, Rio de Janeiro - RJ",(21) 2556-0638 (21) 98849-3672,"Segunda, das 12h às 22h | Terça, das 12h às 22h | Quarta, das 12h às 23h30 | Quinta, das 12h às 23h30 | Sexta, das 12h às 23h30 | Sábado, das 12h às 23h30 | Domingo, das 12h às 17h30 |","-22.9314033,-43.1811229",Capitão do Mar,Bacalhau em lascas coberto com molho branco com bacon.,https://comidadibuteco.com.br/buteco/3508-revision-v1/
https://cdb-static-files.s3.amazonaws.com/wp-content/uploads/2025/03/20104724/bardaaurea.jpg,Bar da Aurea,"Rua Ari Barroso, 20",Rio de Janeiro - RJ,"Rua Ari Barroso, 20 |  Rio de Janeiro - RJ",21992739273,"Terça, das 11h às 20h | Quarta, das 11h às 20h | Quinta, das 11h às 20h | Sexta, das 11h às 20h | Sábado, das 11h às 20h | Domingo, das 11h às 20h |","-22.7917061,-43.2876737",Pescaria,"Bolinhos de milho com recheio de mexilhão, empanados e fritos na farinha Panko, acompanhados de um creme de queijo gorgonzola.",https://comidadibuteco.com.br/buteco/bar-da-aurea/
https://cdb-static-files.s3.amazonaws.com/wp-content/uploads/2025/03/15053616/bardatati.jpg,Bar da Tati,"Praça Serzedelo Correia, 15",Copacabana,"Praça Serzedelo Correia, 15 | Copacabana, Rio de Janeiro - RJ",2135183879,"Terça, das 11h à 0h | Quarta, das 11h à 0h | Quinta, das 11h à 0h | Sexta, das 11h à 1h | Sábado, das 11h à 1h | Domingo, das 14h à 0h |",,Carne de sol dos olhos verdes da Tati,Paçoca de carne de sol com feijão-verde debulhado e queijo coalho.,https://comidadibuteco.com.br/buteco/bar-da-tati/
https://cdb-static-files.s3.amazonaws.com/wp-content/uploads/2025/03/20104734/bardoaugusto.jpg,Bar do Augusto,"Avenida Mem de Sá, 72",Centro,"Avenida Mem de Sá, 72 | Centro, Rio de Janeiro - RJ",21979379966,"Domingo, das 12h à 0h | Segunda, das 12h à 0h | Terça, das 12h à 0h | Quarta, das 12h à 0h | Quinta, das 12h à 0h | Sexta, das 12h à 0h | Sábado, das 12h à 0h |","-22.9113533,-43.1914534",Fralda molhada,Caldo de fraldinha desfiada com creme de batata e feijão-branco.,https://comidadibuteco.com.br/buteco/bar-do-augusto/
https://cdb-static-files.s3.amazonaws.com/wp-content/uploads/2025/03/21120729/bardocanedo.jpg,Bar do Canedo,"Rua Barão de Mesquita, 916",Grajaú,"Rua Barão de Mesquita, 916 | Grajaú, Rio de Janeiro - RJ",2122383028,"Domingo, das 12h às 21h | Segunda, das 12h às 23h | Terça, das 12h às 23h | Quarta, das 12h às 23h | Quinta, das 12h às 23h | Sexta, das 12h às 23h | Sábado, das 12h às 23h |","-22.9238379,-43.2550402","Camarão que acompanha bacalhau, acorda com bacon dentro da croqueta do Canedo!",Croqueta cremosa de bacalhau feita com Catupiry original e com recheio de camarão e bacon. Acompanhada de molho de queijo e limão.,https://comidadibuteco.com.br/buteco/bar-do-canedo/
https://cdb-static-files.s3.amazonaws.com/wp-content/uploads/2025/03/20104801/bardodavid.jpg,Bar do David,"Rua Ari Barroso, 66",Rio de Janeiro - RJ,"Rua Ari Barroso, 66 | Rio de Janeiro - RJ",21964831046,"Terça, das 12h às 21h | Quarta, das 12h às 21h | Quinta, das 12h às 21h | Sexta, das 12h às 22h | Sábado, das 12h às 22h | Domingo, das 12h às 21h |","-22.7917061,-43.2876737",Conexão,"Creme de abóbora com frutos do mar, gorgonzola, lâminas de amêndoas, acompanhado de torrada de camarão e alho.",https://comidadibuteco.com.br/buteco/3518-revision-v1/
https://cdb-static-files.s3.amazonaws.com/wp-content/uploads/2025/03/20105317/bardoelson-1.jpg,Bar do Elson,"Alameda Dalton Barreto, 40",Barra da Tijuca,"Alameda Dalton Barreto, 40 | Barra da Tijuca, Rio de Janeiro - RJ",21976701026,"Segunda, das 11h às 21h | Terça, das 11h às 21h | Quarta, das 11h às 21h | Quinta, das 11h às 21h | Sexta, das 11h às 21h | Sábado, das 11h às 21h | Domingo, das 11h às 21h |","-23.0043859,-43.3092576",A vida ao passar dos anos,Bolo de carne com cobertura de cheddar.,https://comidadibuteco.com.br/buteco/bar-do-elson/
https://cdb-static-files.s3.amazonaws.com/wp-content/uploads/2025/03/20105332/bardogallo-1.jpg,Bar do Gallo,"Rua Cidade do Rio, 185",Taquara,"Rua Cidade do Rio, 185 | Taquara, Rio de Janeiro - RJ",21964473827,"Terça, das 17h às 23h | Quarta, das 17h à 0h | Quinta, das 17h à 0h | Sexta, das 17h à 0h | Sábado, das 12h à 0h | Domingo, das 12h às 21h |","-22.9245327,-43.3799552",Ôxente,"Iguaria de banana-da-terra, recheada de carne-seca e finalizada com queijo coalho e pimenta-biquinho.",https://comidadibuteco.com.br/buteco/bar-do-gallo/
https://cdb-static-files.s3.amazonaws.com/wp-content/uploads/2025/03/20104837/bardogilson.jpg,Bar do Gilson,"Rua Sousa Franco, 386",Vila Isabel,"Rua Sousa Franco, 386 | Vila Isabel, Rio de Janeiro - RJ",21971221299,"Segunda, das 11h às 16h | Terça, das 11h às 16h | Quarta, das 11h às 16h | Quinta, das 11h às 22h | Sexta, das 11h às 22h | Sábado, das 11h às 22h | Domingo, das 11h às 21h |","-22.9123791,-43.2465804",Cupim na madeira,Suculenta carne desfiada com toque especial de queijo coalho e pimenta-biquinho. Acompanha tortilha ao alecrim.,https://comidadibuteco.com.br/buteco/bar-do-gilson/
https://cdb-static-files.s3.amazonaws.com/wp-content/uploads/2025/03/15053548/bardomariano.jpg,Bar do Mariano,"Rua Professor Valadares, 78",Grajaú,"Rua Professor Valadares, 78 | Grajaú, Rio de Janeiro - RJ",(21) 30794658 (21) 25781232,"Segunda, das 13h às 22h | Terça, das 13h às 22h | Quarta, das 13h às 22h | Quinta, das 13h às 23h | Sexta, das 13h às 23h | Sábado, das 13h às 23h | Domingo, das 13h às 22h |","-22.9201521,-43.2634287",O clone,Cones recheados com delicioso creme de bacalhau com rodela de azeitona,https://comidadibuteco.com.br/buteco/3530-autosave-v1/
https://cdb-static-files.s3.amazonaws.com/wp-content/uploads/2025/03/20104848/bardomineiro.jpg,Bar do Mineiro,"Rua Paschoal Carlos Magno, 99",Santa Teresa,"Rua Paschoal Carlos Magno, 99 | Santa Teresa, Rio de Janeiro - RJ",(21) 99191-6032 (21) 2221-9227,"Terça, das 11h às 22h | Quarta, das 11h às 22h | Quinta, das 11h às 22h | Sexta, das 11h às 22h | Sábado, das 11h às 22h | Domingo, das 11h às 22h |","-22.9209033,-43.1876466",Mocoteco 25,Bolinho de mocotó.,https://comidadibuteco.com.br/buteco/bar-do-mineiro/
https://cdb-static-files.s3.amazonaws.com/wp-content/uploads/2025/03/20104901/bardothomaz.jpg,Bar do Thomaz,"Rua Jerônimo Serqueira, 26",Jacarepaguá,"Rua Jerônimo Serqueira, 26 | Jacarepaguá, Rio de Janeiro - RJ",21966019675,"Domingo, das 15h às 22h | Terça, das 17h às 23h30 | Quarta, das 17h às 23h30 | Quinta, das 17h às 23h30 | Sexta, das 17h à 0h | Sábado, das 17h à 0h |","-22.9692304,-43.4152184",Biricutico quântico,"Carne assada desfiada, tão deliciosa que chega a ser um pecado de tão quântica. Com ela vem um mix de raízes e um molho que é segredo da casa.",https://comidadibuteco.com.br/buteco/bar-do-thomaz/
https://cdb-static-files.s3.amazonaws.com/wp-content/uploads/2025/03/20104909/bardotino.jpg,Bar do Tino,"Rua Almirante Alexandrino, 3780",Santa Teresa,"Rua Almirante Alexandrino, 3780 | Santa Teresa, Rio de Janeiro - RJ",21964127284,"Quinta, das 11h30 às 19h | Sexta, das 11h30 às 19h | Sábado, das 11h30 às 19h | Domingo, das 11h30 às 19h |","-22.9415929,-43.2100306",Costela com defumação sem armação,Tiras de costelas suínas defumadas (ribs) empanadas com rosti de batata.,https://comidadibuteco.com.br/buteco/bar-do-tino/
https://cdb-static-files.s3.amazonaws.com/wp-content/uploads/2025/03/15053534/bardozeilhadepaqueta.jpg,Bar do Zé Ilha de Paquetá,"Rua Padre Juvenal, 5",Paquetá,"Rua Padre Juvenal, 5 | Paquetá, Rio de Janeiro - RJ",(21) 96717-1259 (21) 96734-4580,"Sexta, das 11h às 17h | Sábado, das 11h às 17h | Domingo, das 11h às 17h |","-22.7562682,-43.1104708",Barco do Zé,"Batatas ASTERIX fritas, com uma camada de cream cheese com 3 recheios diferentes: bacalhau à portuguesa (bacalhau, cebola, azeitona e azeite); molho de camarão; creme de queijo.",https://comidadibuteco.com.br/buteco/bar-do-ze-ilha-de-paqueta/
https://cdb-static-files.s3.amazonaws.com/wp-content/uploads/2025/03/20104920/bardubarao.jpg,Bar du Barão,"Rua Castro Barbosa, 36 ",Grajaú,"Rua Castro Barbosa, 36  | Grajaú, Rio de Janeiro - RJ",(21) 96551-2118,"Terça, das 16h às 22h | Quarta, das 16h às 22h | Quinta, das 16h às 22h | Sexta, das 16h às 22h | Sábado, das 11h às 22h | Domingo, das 11h às 20h |","-22.9243429,-43.2561669",Mineirin Mermo!,Delicioso ragu de pernil desfiado acompanhado de barbecue de goiabada e crostini de pão de queijo.,https://comidadibuteco.com.br/buteco/bar-du-barao/
https://cdb-static-files.s3.amazonaws.com/wp-content/uploads/2025/03/20104940/barlimaocommel.jpg,Bar Limão com Mel,"Rua Conde de Azambuja, 420",Maria da Graça,"Rua Conde de Azambuja, 420 | Maria da Graça, Rio de Janeiro - RJ",21969375418,"Domingo, das 11h à 0h | Segunda, das 11h à 0h | Terça, das 11h à 0h | Quarta, das 11h à 0h | Quinta, das 11h à 0h | Sexta, das 11h à 0h | Sábado, das 11h à 0h |","-22.8833520,-43.2619887",Farra do Porquinho,"Farofa de flocos de milho com torresmo triturado, acompanhada de tiras de panceta suína e cebola-roxa salteada na manteiga nordestina.",https://comidadibuteco.com.br/buteco/bar-limao-com-mel/
https://cdb-static-files.s3.amazonaws.com/wp-content/uploads/2025/03/15053517/barpalhinha.jpg,Bar Palhinha,"Rua Humaitá, 12",Humaitá,"Rua Humaitá, 12 | Humaitá, Rio de Janeiro - RJ",(21) 3439-9114 (21) 98386-7469,"Terça, das 12h à 0h | Quarta, das 12h à 0h | Quinta, das 12h à 0h | Sexta, das 12h à 0h | Sábado, das 12h à 0h | Domingo, das 12h às 22h |","-22.9527344,-43.1964667",Raízes Mineiras,"Casquinha de parmesão recheada com um delicioso creme de raízes (mandioca, cará e cenoura) e copa lombo desfiado, finalizado com crispy de alho-poró e pimenta-biquinho da casa. Para acompanhar, molho de laranja com cachaça e molho picante feito à base do caldo de cocção do copa lombo.",https://comidadibuteco.com.br/buteco/3526-revision-v1/
https://cdb-static-files.s3.amazonaws.com/wp-content/uploads/2025/03/24072143/barpeixariadivinaprovidencia_amalucavenceu_riodejaneiro_2024_fernandosalles-1.jpg,Bar Peixaria Divina Providência,"Avenida Monsenhor Félix, 565",Irajá,"Avenida Monsenhor Félix, 565 | Irajá, Rio de Janeiro - RJ",21973138989,"Terça, das 11h às 15h | Terça, das 18h às 23h | Quarta, das 11h às 15h | Quarta, das 18h às 23h | Quinta, das 11h às 15h | Quinta, das 18h às 23h | Sexta, das 11h à 0h | Sábado, das 11h à 0h | Domingo, das 11h às 18h |","-22.8395297,-43.3239275",A maluca virou Campeã,"3 Coxinhas de bacalhau – deliciosa receita da minha mãe portuguesa –, um bolinho de bacalhau tradicional, recheado com muito bacalhau e queijo Serra da Canastra. Acompanha um azeite temperado de alho.",https://comidadibuteco.com.br/buteco/bar-peixaria-divina-providencia/
https://cdb-static-files.s3.amazonaws.com/wp-content/uploads/2025/03/20104949/barsambodromo.jpg,Bar Sambódromo,"Avenida Salvador de Sá, 77",Cidade Nova,"Avenida Salvador de Sá, 77 | Cidade Nova, Rio de Janeiro - RJ",2122936703,"Terça, das 12h às 22h | Quarta, das 12h às 22h | Quinta, das 12h às 22h | Sexta, das 12h às 22h | Sábado, das 12h às 20h | Domingo, das 12h às 20h |","-22.9127941,-43.2014443",Lambuza,"Katsu sando: copa lombo curado e empanado, acompanhado de salada de repolho e picles de pepino no pão brioche e finalizados com maionese especial, molho tonkatsu, furekake de castanha-de-caju e cebolinha.",https://comidadibuteco.com.br/buteco/bar-sambodromo/
https://cdb-static-files.s3.amazonaws.com/wp-content/uploads/2025/03/20105040/benehgastrobar.jpg,Beneh Gastrobar,"Rua Dona Maria, 9",Vila Isabel,"Rua Dona Maria, 9 | Vila Isabel, Rio de Janeiro - RJ",21999451740,"Domingo, das 12h às 20h | Terça, das 18h às 23h30 | Quarta, das 18h às 23h30 | Quinta, das 18h às 23h30 | Sexta, das 18h às 0h30 | Sábado, das 12h às 23h30 |","-22.9193492,-43.2379738",Dupla Nostalgia,2 sanduíches de buteco: carne assada desfiada com mostarda dijon e picles; sanduíche de linguiça artesanal regado ao molho Beneh.,https://comidadibuteco.com.br/buteco/beneh-gastrobar/
https://cdb-static-files.s3.amazonaws.com/wp-content/uploads/2025/03/20105055/biricuticobarebotequim.jpg,Biricutico Bar e Botequim,"Rua Magalhães Couto, 356",Méier,"Rua Magalhães Couto, 356 | Méier, Rio de Janeiro - RJ",21964912235,"Domingo, das 11h às 21h | Segunda, das 12h às 21h | Terça, das 11h às 23h | Quarta, das 11h às 23h | Quinta, das 11h às 23h | Sexta, das 11h às 23h | Sábado, das 11h às 23h |","-22.9031458,-43.2850908",Ora bolas! Que croquete atrevido.,"Croquete feito com blend de carnes bovina e suína, tempero caseiro, recheado com mix de queijos, acompanhado de confit de alho com ervas.",https://comidadibuteco.com.br/buteco/biricutico-bar-e-botequim/
https://cdb-static-files.s3.amazonaws.com/wp-content/uploads/2025/03/20105121/biroskadocamarao.jpg,Biroska do Camarão,"Rua Antônio Sales, 4",Rio de Janeiro - RJ,"Rua Antônio Sales, 4 | Rio de Janeiro - RJ",21989008547,"Domingo, das 11h às 18h | Segunda, das 11h às 18h | Terça, das 11h às 18h | Quarta, das 11h às 23h | Quinta, das 11h às 23h | Sexta, das 11h às 23h | Sábado, das 11h às 23h |","-21.8332385,-41.2600903",Marítimo Da Z 10,"Purê de batata-baroa, com frutos do mar (camarão, lula e mexilhão). Acompanha molho de coco.",https://comidadibuteco.com.br/buteco/biroska-do-camarao/
https://cdb-static-files.s3.amazonaws.com/wp-content/uploads/2025/03/15053442/bistroaconchego.jpg,Bistrô Aconchego,"Rua das Rosas, 1500",Vila Valqueire,"Rua das Rosas, 1500 | Vila Valqueire, Rio de Janeiro - RJ",21982843962,"Terça, das 18h às 22h | Quarta, das 18h às 22h | Quinta, das 18h às 22h | Sexta, das 18h à 0h | Sábado, das 12h à 1h | Domingo, das 12h às 22h |","-22.8888817,-43.3655133",De repente 25!,"Massinha de aipim crocante recheado com copa lombo defumado por 12 horas ao molho de cream cheese, alho-poró e cebola-roxa caramelizada. Acompanha geleia de pimenta.",https://comidadibuteco.com.br/buteco/5854-revision-v1/
https://cdb-static-files.s3.amazonaws.com/wp-content/uploads/2025/03/15053453/bobobar.jpg,Bobô Bar,"Rua Manuela Barbosa, 45",Méier,"Rua Manuela Barbosa, 45 | Méier, Rio de Janeiro - RJ",21996186544,"Segunda, das 17h às 23h | Terça, das 17h às 23h | Quarta, das 17h às 23h | Quinta, das 17h às 23h | Sexta, das 17h à 0h | Sábado, das 12h à 0h | Domingo, das 12h às 22h |","-22.9012102,-43.2823987",Bovoloko,"Bolovo de costela, com creme de provolone, acompanhado de uma geleia de pimenta da casa.",https://comidadibuteco.com.br/buteco/10403-revision-v1/
https://cdb-static-files.s3.amazonaws.com/wp-content/uploads/2025/03/20105830/boemiasocialclube.jpg,Boemia Social Clube,"Avenida Oliveira Belo, 1180",Vila da Penha,"Avenida Oliveira Belo, 1180 | Vila da Penha, Rio de Janeiro - RJ",2131905979,"Domingo, das 11h30 à 0h | Segunda, das 11h30 à 0h | Terça, das 11h30 à 0h | Quarta, das 11h30 à 0h | Quinta, das 11h30 à 0h | Sexta, das 11h30 à 0h | Sábado, das 11h30 à 0h |","-22.8412392,-43.3057818",Caponata ao estilo da dona Olinda,"Caponata de beringela com lascas de bacalhau, servida numa caminha de aipim com queijo coalho e acompanhada de uma tapenade de azeitonas.",https://comidadibuteco.com.br/buteco/boemia-social-clube/
https://cdb-static-files.s3.amazonaws.com/wp-content/uploads/2025/03/20110446/boozebar.jpg,Booze Bar,"Avenida Mem de Sá, 63",Lapa,"Avenida Mem de Sá, 63 | Lapa, Rio de Janeiro - RJ",2122521588,"Terça, das 12h às 23h | Quarta, das 12h às 23h | Quinta, das 12h às 23h | Sexta, das 12h à 0h | Sábado, das 12h à 0h | Domingo, das 12h às 23h |","-22.9133637,-43.1812232",Cupcake de Costela,"Cupcake de aipim recheado com ragu de costela e cream cheese, finalizado com crispy de alho-poró e farofa crocante de nozes.",https://comidadibuteco.com.br/buteco/booze-bar/
https://cdb-static-files.s3.amazonaws.com/wp-content/uploads/2025/03/20110439/botecobocamiuda.jpg,Boteco Boca Miúda,"Rua Doutor Bulhões, 833",Engenho de Dentro,"Rua Doutor Bulhões, 833 | Engenho de Dentro, Rio de Janeiro - RJ",21966193530,"Terça, das 17h às 23h | Quarta, das 17h às 23h | Quinta, das 17h às 23h | Sexta, das 17h à 0h | Sábado, das 12h à 0h | Domingo, das 12h às 22h |","-22.9005117,-43.2976518",Deu Porquinho na Festa do CDB!,"Coxinha de pernil sem massa, bem suculento e desfiado, recheada de mix de queijos cremoso, empanado na panko e servido com geleia de abacaxi com pimenta da casa.",https://comidadibuteco.com.br/buteco/boteco-boca-miuda/
https://cdb-static-files.s3.amazonaws.com/wp-content/uploads/2025/03/15053428/botecocarioquinha.jpg,Boteco Carioquinha,"Avenida Gomes Freire, 822",Lapa,"Avenida Gomes Freire, 822 | Lapa, Rio de Janeiro - RJ",2122523025,"Terça, das 11h à 0h | Quarta, das 11h à 0h | Quinta, das 11h à 0h | Sexta, das 11h à 0h | Sábado, das 11h à 0h | Domingo, das 11h às 22h |","-22.9116751,-43.1835037",Mamaminha de Boteco,"Fatias de maminha bovina, defumadas na casa, cozidas, servidas com molho do cozimento, acompanhadas com delicioso molho de queijos.",https://comidadibuteco.com.br/buteco/3532-revision-v1/
https://cdb-static-files.s3.amazonaws.com/wp-content/uploads/2025/03/20110406/botecodoraoni.jpg,Boteco do Raoni,"Rua Barão de Mesquita, 965",Grajaú,"Rua Barão de Mesquita, 965 | Grajaú, Rio de Janeiro - RJ",2135706162,"Segunda, das 17h às 23h | Terça, das 11h às 23h | Quarta, das 11h às 23h | Quinta, das 11h às 23h | Sexta, das 11h às 23h | Sábado, das 11h às 23h | Domingo, das 11h às 23h |","-22.9238347,-43.2556449",Falsa magra,"Croquete de barriga de porco com queijo meia cura e amendoim, acompanha chutney de laranja com pimenta.",https://comidadibuteco.com.br/buteco/boteco-do-raoni/
https://cdb-static-files.s3.amazonaws.com/wp-content/uploads/2025/03/20110416/botecojardim.jpg,Boteco Jardim,"Rua Cambaúba, 1153",Jardim Guanabara,"Rua Cambaúba, 1153 | Jardim Guanabara, Rio de Janeiro - RJ",2120516050,"Domingo, das 11h à 0h | Segunda, das 18h à 0h | Terça, das 11h à 0h | Quarta, das 11h à 0h | Quinta, das 11h à 0h | Sexta, das 11h à 0h | Sábado, das 11h à 0h |","-22.8130357,-43.2072465",BUTICU di BUTECO,"Sanduíche de peito bovino assado lentamente no forno a lenha, picles de cebola-roxa e maionese verde.",https://comidadibuteco.com.br/buteco/boteco-jardim/
https://cdb-static-files.s3.amazonaws.com/wp-content/uploads/2025/03/20110426/botecovoudemais.jpg,Boteco Vou Demais,"Rua Paula Brito, 240",Andaraí,"Rua Paula Brito, 240 | Andaraí, Rio de Janeiro - RJ",2134370610,"Segunda, das 11h30 às 22h | Terça, das 11h30 às 23h | Quarta, das 11h30 às 23h | Quinta, das 11h30 às 23h | Sexta, das 11h30 às 23h30 | Sábado, das 11h30 às 23h30 | Domingo, das 11h30 às 22h |","-22.9284583,-43.2546247",Nordestino,"Carne-seca desfiada acebolada, puxada no alho frito. Servida com massa de aipim assada e lasca de queijo coalho e manteiga de garrafa.",https://comidadibuteco.com.br/buteco/boteco-vou-demais/
https://cdb-static-files.s3.amazonaws.com/wp-content/uploads/2025/03/15053413/botekodocadico.jpg,Boteko do Cadico,"Rua Barão de Itaipu, 30",Andaraí,"Rua Barão de Itaipu, 30 | Andaraí, Rio de Janeiro - RJ",21964245189,"Terça, das 16h à 0h | Quarta, das 16h à 0h | Quinta, das 16h à 0h | Sexta, das 16h à 0h | Sábado, das 16h à 0h | Domingo, das 16h à 0h |","-22.9244919,-43.2476156",Pegadinha do Cadico,"Carne desfiada com cebola caramelizada sob tijolinho de aipim especial, cobertura de mussarela e alho-poró crispy.",https://comidadibuteco.com.br/buteco/boteko-do-cadico/
https://cdb-static-files.s3.amazonaws.com/wp-content/uploads/2025/03/20110357/botequimchegamais.jpg,Botequim Chega Mais,"Rua Barata Ribeiro, 247",Copacabana,"Rua Barata Ribeiro, 247 | Copacabana, Rio de Janeiro - RJ",2125471210,"Domingo, das 13h à 0h | Terça, das 13h à 0h | Quarta, das 13h à 0h | Quinta, das 13h à 0h | Sexta, das 13h à 0h | Sábado, das 13h à 0h |","-22.9671598,-43.1834588",Boi Desfiado,"Carne bovina assada macia e suculenta, desfiada, temperada no padrão, servida com torradas no azeite.",https://comidadibuteco.com.br/buteco/botequim-chega-mais/
https://cdb-static-files.s3.amazonaws.com/wp-content/uploads/2025/03/15053358/botequimrioantigo.jpg,Botequim Rio Antigo,"Rua Uranos, 1489",Olaria,"Rua Uranos, 1489 | Olaria, Rio de Janeiro - RJ",2138676124,"Terça, das 18h às 23h | Quarta, das 18h às 23h | Quinta, das 18h às 23h | Sexta, das 18h à 0h | Sábado, das 12h à 0h | Domingo, das 12h às 22h |","-22.8500951,-43.2653487",Linguiça no jiló,Canoa de jiló em crosta de parmesão crocante e recheada com ragu de calabresa com vinho tinto.,https://comidadibuteco.com.br/buteco/4951-revision-v1/
https://cdb-static-files.s3.amazonaws.com/wp-content/uploads/2025/03/20110348/brazuca.jpg,Brazuca,"Rua Luís Sá, 205",Rio de Janeiro - RJ,"Rua Luís Sá, 205 | Rio de Janeiro - RJ",2141412300,"Terça, das 18h às 23h | Quarta, das 18h às 23h | Quinta, das 12h às 23h | Sexta, das 12h às 23h | Sábado, das 12h às 23h | Domingo, das 12h às 23h |","-22.8008555,-43.2022711","Duas pitadas de amor, eu e você, juntando a fome com a vontade de comer.","Costela bovina desfiada com a crocância da polenta frita e do crispy de cebola, acompanhada de molho cremoso.",https://comidadibuteco.com.br/buteco/brazuca/
https://cdb-static-files.s3.amazonaws.com/wp-content/uploads/2025/03/15053343/butecoovofrito.jpg,Buteco Ovo Frito,"Rua Teodoro da Silva, 280",Vila Isabel,"Rua Teodoro da Silva, 280 | Vila Isabel, Rio de Janeiro - RJ",21982417010,"Segunda, das 17h às 23h | Terça, das 17h às 23h | Quarta, das 17h às 23h | Quinta, das 17h às 23h | Sexta, das 17h às 23h | Sábado, das 12h às 23h | Domingo, das 12h às 23h |","-22.9170610,-43.2426850",Oxente Ligeirinho,"Quesadilla recheada com carne-seca acebolada preparada na manteiga de garrafa, com queijo derretido. Acompanha uma refrescante salsa de manga, que traz o toque final de originalidade a esse prato que transcende fronteiras.",https://comidadibuteco.com.br/buteco/buteco-ovo-frito/
https://cdb-static-files.s3.amazonaws.com/wp-content/uploads/2025/03/20110306/butekoemnomedopaiedofilho.jpg,Buteko em Nome do Pai e do Filho,"Rua Barão de Mesquita, 893",Andaraí,"Rua Barão de Mesquita, 893 | Andaraí, Rio de Janeiro - RJ",21988605013,"Terça, das 17h às 23h30 | Quarta, das 17h às 23h30 | Quinta, das 17h às 23h30 | Sexta, das 17h às 23h30 | Sábado, das 13h às 23h30 | Domingo, das 13h às 22h |","-22.9245619,-43.2430622",Pig Cream,"Massa crocante em formato de cone com recheio cremoso de porco e especiarias, finalizado com granulado de torresmo e pimenta biquinho.",https://comidadibuteco.com.br/buteco/buteko-em-nome-do-pai-e-do-filho/
https://cdb-static-files.s3.amazonaws.com/wp-content/uploads/2025/03/20110254/cabecadebagre.jpg,Cabeça de Bagre,"Rua Sousa Franco, 254",Vila Isabel,"Rua Sousa Franco, 254 | Vila Isabel, Rio de Janeiro - RJ",21992947082,"Terça, das 11h às 22h30  |  Quarta, das 11h às 22h30 | Quinta, das 11h às 22h30 | Sexta, das 11h às 23h | Sábado, das 11h às 23h | Domingo, das 11h às 22h30 |","-22.9123791,-43.2465804","Porquinho que dorme, a onda leva","Mistura da terra e mar, nosso pão de queijo típico mineiro, servido frito, recheado com barriga de porco defumada cozida com camarão, acompanhada de um sour cream com limão e pimenta da casa.",https://comidadibuteco.com.br/buteco/cabeca-de-bagre/
https://cdb-static-files.s3.amazonaws.com/wp-content/uploads/2025/03/15053330/cachambeer.jpg,Cachambeer,"Rua Cachambi, 475",Cachambi,"Rua Cachambi, 475 | Cachambi, Rio de Janeiro - RJ",2130421640,"Terça, das 17h à 0h | Quarta, das 17h à 0h | Quinta, das 12h à 0h | Sexta, das 12h à 0h | Sábado, das 12h à 0h | Domingo, das 12h às 18h |","-22.8866067,-43.2769168","Trio de sucesso, nos 25 anos do CDB.","Costela no bafo assada em ervas finas, porquinho embriagado e cubos de suculenta pancetta, servidos com farofa de bacon e alho torrado, pimenta-biquinho e cebola-roxa.",https://comidadibuteco.com.br/buteco/3536-revision-v1/
https://cdb-static-files.s3.amazonaws.com/wp-content/uploads/2025/03/20110239/cajugastrobar.jpg,Caju GastroBar,"Rua Barata Ribeiro, 2",Copacabana,"Rua Barata Ribeiro, 2 | Copacabana, Rio de Janeiro - RJ",2132643713,"Domingo, das 11h30 às 23h45 | Segunda, das 11h30 às 23h45 | Terça, das 11h30 às 23h45 | Quarta, das 11h30 às 23h45 | Quinta, das 11h30 às 23h45 | Sexta, das 11h30 às 00h45 | Sábado, das 11h30 às 00h45 |","-22.9727420,-43.1906565","Nó, que trem bão!","Releitura da tradicional carne na lata com quitutes mineiros que todo brasileiro ama: minimedalhões de mignon suíno com bacon, preparados com molho agridoce de goiabada apimentada e finalizados com crocante de couve. Acompanha pão de queijo frito recheado de queijo meia cura.",https://comidadibuteco.com.br/buteco/caju-gastrobar/
https://cdb-static-files.s3.amazonaws.com/wp-content/uploads/2025/03/15053302/capitaniadoscopos.jpg,Capitania dos Copos,"Rua Praia de Tubiacanga, 24",Tubiacanga,"Rua Praia de Tubiacanga, 24 | Tubiacanga, Rio de Janeiro - RJ",2133838560,"Domingo, das 11h às 20h | Terça, das 11h à 0h | Quarta, das 11h à 0h | Quinta, das 11h à 0h | Sexta, das 11h à 0h | Sábado, das 11h à 0h |","-22.7843370,-43.2274785",Camarão metido a besta,"O petisco é uma evolução do nosso tradicional “Camarão à Tubiacanga”, porém com um toque a mais: um refogado de lulas cozidas na cachaça.",https://comidadibuteco.com.br/buteco/capitania-dos-copos/
https://cdb-static-files.s3.amazonaws.com/wp-content/uploads/2025/03/15053315/casarao-da-juliao.jpg,Casarão da Julião,"Rua Engenheiro Julião Castelo, 165",Méier,"Rua Engenheiro Julião Castelo, 165 | Méier, Rio de Janeiro - RJ",21964677588,"Terça, das 11h às 18h | Quarta, das 11h às 22h | Quinta, das 11h às 22h | Sexta, das 11h às 23h30 | Sábado, das 11h às 23h30 | Domingo, das 10h às 17h","-22.9006141,-43.2738870",Minha Bagagem,"Espetinho de linguiça temperada, recheado com costela desfiada e queijo.",https://comidadibuteco.com.br/buteco/casarao-da-juliao/
https://cdb-static-files.s3.amazonaws.com/wp-content/uploads/2025/03/20110543/churraxcou-1.jpg,Churraxcou,"Rua Antônio Storino, 161",Vila da Penha,"Rua Antônio Storino, 161 | Vila da Penha, Rio de Janeiro - RJ",21981322495,"Domingo, das 11h30 às 23h30 | Terça, das 11h30 às 23h30 | Quarta, das 11h30 às 23h30 | Quinta, das 11h30 às 23h30 | Sexta, das 11h30 à 0h | Sábado, das 11h30 à 0h |","-22.8440992,-43.3116863",Churrax de Coxinha,"Coxinha recheada de carne de churrasco, muçarela e Catupiry, servida com maionese de alho caseira.",https://comidadibuteco.com.br/buteco/churraxcou/
https://cdb-static-files.s3.amazonaws.com/wp-content/uploads/2025/03/20110219/contemporaneolapa.jpg,Contemporâneo Lapa,"Avenida Gomes Freire, 625",Centro,"Avenida Gomes Freire, 625 | Centro, Rio de Janeiro - RJ",21965520500,"Segunda, das 12h às 16h | Terça, das 12h às 23h30 | Quarta, das 12h às 23h30 | Quinta, das 12h às 23h30 | Sexta, das 12h às 0h30 | Sábado, das 12h às 0h30 | Domingo, das 12h às 23h30 |","-22.9122471,-43.1831008",Deu no Rádio,"É uma panelinha de tropeiro, pernil de panela na cachaça e uma farofa de torresmo pururuca. Acompanha um pesto de limão.",https://comidadibuteco.com.br/buteco/contemporaneo-lapa/
https://cdb-static-files.s3.amazonaws.com/wp-content/uploads/2025/03/15053246/crepe-e-cevada.jpg,Crepe & Cevada,"Avenida do Magistério, S/N",Portuguesa,"Avenida do Magistério, S/N | Portuguesa, Rio de Janeiro - RJ",(21) 3546-8933,"Domingo, das 11h à 0h | Segunda, das 11h à 0h | Terça, das 11h à 0h | Quarta, das 11h à 0h | Quinta, das 11h à 0h | Sexta, das 11h à 0h | Sábado, das 11h à 0h |","-22.7955320,-43.2034801",Lampião,Carne de sol com purê de aipim e creme de queijo.,https://comidadibuteco.com.br/buteco/crepe-cevada-2/
https://cdb-static-files.s3.amazonaws.com/wp-content/uploads/2025/03/15053224/deck-bar.jpg,Deck Bar,"Alameda dos Ingás, 190",Barra da Tijuca,"Alameda dos Ingás, 190 | Barra da Tijuca, Rio de Janeiro - RJ",2137380935,"Domingo, das 11h às 22h | Segunda, das 11h às 20h | Terça, das 11h às 20h | Quarta, das 11h às 20h | Quinta, das 11h às 20h | Sexta, das 11h às 20h | Sábado, das 11h às 22h |","-23.0016593,-43.3086197",Mistério da Terra e a profundeza do Mar,Massa folhada de aipim crocante com frutos do mar.,https://comidadibuteco.com.br/buteco/deck-bar/
https://cdb-static-files.s3.amazonaws.com/wp-content/uploads/2025/03/20110210/dompedro.jpg,Dom Pedro,"Rua Francisco Manuel, 31",Benfica,"Rua Francisco Manuel, 31 | Benfica, Rio de Janeiro - RJ",2132790092,"Segunda, das 11h às 22h | Terça, das 11h às 22h | Quarta, das 11h às 22h | Quinta, das 11h às 22h | Sexta, das 11h às 22h | Sábado, das 11h às 22h | Domingo, das 11h às 17h |","-22.8938435,-43.2415421",Porquinho da Noruega,"Croquete de bacalhau, envolto com muçarela e bacon fatiado, empanado na farinha Panko.",https://comidadibuteco.com.br/buteco/dom-pedro/
https://cdb-static-files.s3.amazonaws.com/wp-content/uploads/2025/03/20110202/emporio-bacalhau.jpg,Empório do Bacalhau,"Rua Professor Paula Aquiles, 4",Rio de Janeiro - RJ,"Rua Professor Paula Aquiles, 4 |  Rio de Janeiro - RJ",21982898965,"Terça, das 12h à 0h | Quarta, das 12h à 0h | Quinta, das 12h à 0h | Sexta, das 12h à 0h | Sábado, das 12h à 0h | Domingo, das 12h às 22h |",,Invasão do mar nas bodas do CDB,Bolinho de bacalhau recheado com mix de frutos do mar.,https://comidadibuteco.com.br/buteco/emporio-do-bacalhau/
https://cdb-static-files.s3.amazonaws.com/wp-content/uploads/2025/03/15053210/emporio-quitanda-boteco.jpg,Empório Quintana Boteco,"Rua Capitão Félix, 110",Benfica,"Rua Capitão Félix, 110 | Benfica, Rio de Janeiro - RJ",21960173849,"Terça, das 11h às 17h | Quarta, das 11h às 17h | Quinta, das 11h às 17h | Sexta, das 11h às 17h | Sábado, das 11h às 17h | Domingo, das 11h às 17h |","-22.8950429,-43.2354192",Beagá,Anguzinho com queijo e rabadinha desfiada. Finalizado com agrião.,https://comidadibuteco.com.br/buteco/10420-revision-v1/
https://cdb-static-files.s3.amazonaws.com/wp-content/uploads/2025/03/20110820/emporio-santa-oliva.jpg,Empório Santa Oliva,"Avenida Tenente-Coronel Muniz de Aragão, 26",Jacarepaguá,"Avenida Tenente-Coronel Muniz de Aragão, 26 | Jacarepaguá, Rio de Janeiro - RJ",21990640313,"Terça, das 12h à 0h | Quarta, das 12h à 0h | Quinta, das 12h à 0h | Sexta, das 12h à 0h | Sábado, das 12h à 0h | Domingo, das 12h às 22h |","-22.9474431,-43.3400342",AM & FM,"Dois bolinhos: . AM: massa de moranga direto das Gerais; recheio de carne-seca, couve mineira e queijo coalho (sem glúten). FM: massa de feijão-branco direto do mar; recheio de frutos do mar, lula, polvo, mexilhão, camarão e peixe.",https://comidadibuteco.com.br/buteco/emporio-santa-oliva/
https://cdb-static-files.s3.amazonaws.com/wp-content/uploads/2025/03/20110838/esconderijo-bar.jpg,Esconderijo Bar,"Rua Itabaiana, 8",Grajaú,"Rua Itabaiana, 8 | Grajaú, Rio de Janeiro - RJ",(21) 31782525 (21) 964335689,"Terça, das 18h às 23h | Quarta, das 18h às 23h | Quinta, das 18h às 23h | Sexta, das 17h30 à 0h | Sábado, das 12h à 0h | Domingo, das 12h às 23h |","-22.9213585,-43.2640784",Camarão Puro Malte,"Sanduíche de baguete de cerveja preta recheado de camarão flambado no vinho branco, com molho de tomate artesanal coberto de muçarela gratinada.",https://comidadibuteco.com.br/buteco/esconderijo-bar/
https://cdb-static-files.s3.amazonaws.com/wp-content/uploads/2025/03/20110851/feliz-choperia-grill.jpg,Feliz Chopp e Grill,"Rua Felisbelo Freire, 296",Ramos,"Rua Felisbelo Freire, 296 | Ramos, Rio de Janeiro - RJ",21979948145,"Segunda, das 11h às 16h | Terça, das 11h às 16h | Quarta, das 11h às 16h | Quinta, das 11h às 16h | Sexta, das 11h às 22h | Sábado, das 11h às 22h | Domingo, das 11h às 19h |","-22.8498012,-43.2611275",Pururuca à Italiana,Espetinho de torresmo e provolone com molho de mostarda e gengibre,https://comidadibuteco.com.br/buteco/feliz-chopp-e-grill/
https://cdb-static-files.s3.amazonaws.com/wp-content/uploads/2025/03/15053139/foliado-boi.jpg,Folia do Boi,"Rua Cachambi, 253",Cachambi,"Rua Cachambi, 253 | Cachambi, Rio de Janeiro - RJ",(21) 2261-0058 (21) 3689-1613,"Terça, das 11h às 23h | Quarta, das 11h às 23h | Quinta, das 11h às 23h | Sexta, das 11h à 0h | Sábado, das 11h à 0h | Domingo, das 11h às 20h |","-22.8901217,-43.2738816",Bodas de Sabor,"Bolinho de arroz crocante e cremoso com camarão, acrescido de Catupiry, parmesão, salsa e cebolinha.",https://comidadibuteco.com.br/buteco/10424-revision-v1/
https://cdb-static-files.s3.amazonaws.com/wp-content/uploads/2025/03/20110903/formigueiro-brasa-e-fogao.jpg,Formigueiro Brasa e Fogão,"Rua Araguaia, 603",Freguesia (Jacarepaguá),"Rua Araguaia, 603 | Freguesia (Jacarepaguá), Rio de Janeiro - RJ",(21) 97203-5396 (21) 3226-7557,"Domingo, das 12h às 20h | Segunda, das 12h às 16h | Terça, das 12h às 23h | Quarta, das 12h às 23h | Quinta, das 12h às 23h | Sexta, das 12h às 23h | Sábado, das 12h às 23h |","-22.9352551,-43.3370835",Butencando de Norte a Sul,"Canapé de mandioca frito, com um ragu de cupim com cerveja preta em cima, finalizado com molho de açaí e pimenta-dedo-de-moça.",https://comidadibuteco.com.br/buteco/formigueiro-brasa-e-fogao/
https://cdb-static-files.s3.amazonaws.com/wp-content/uploads/2025/03/15053156/galetona-brasa.jpg,Galeto na Brasa,"Rua Dona Cecília, 39",Rio Comprido,"Rua Dona Cecília, 39 | Rio Comprido, Rio de Janeiro - RJ",21974734247,"Segunda, das 11h às 23h30 | Terça, das 11h às 23h30 | Quarta, das 11h às 23h30 | Quinta, das 11h às 23h30 | Sexta, das 11h às 23h30 | Sábado, das 11h às 23h30 | Domingo, das 11h às 23h30 |","-22.9245088,-43.2060646",Canudo de Galeto,"Canudos recheados com galeto, feitos com massa de pastel e recheio de galeto.",https://comidadibuteco.com.br/buteco/galeto-na-brasa/
https://cdb-static-files.s3.amazonaws.com/wp-content/uploads/2025/03/20111220/gastro-bar-da-familia.jpg,Gastrô Bar da Família,"Rua do Trabalho, 370",Vila da Penha,"Rua do Trabalho, 370 | Vila da Penha, Rio de Janeiro - RJ",21987805899,"Terça, das 11h às 22h | Quarta, das 11h às 22h | Quinta, das 11h às 22h | Sexta, das 11h às 22h | Sábado, das 11h às 22h | Domingo, das 11h às 18h |","-22.8380710,-43.3065364",Sanduba de Cria,"Clássico sanduíche de pernil desfiado, marinado com especiarias e feito na cebola caramelizada. Servido no pão artesanal com manteiga especial e molho à campanha de abacaxi com hortelã apimentado.",https://comidadibuteco.com.br/buteco/gastro-bar-da-familia/
https://cdb-static-files.s3.amazonaws.com/wp-content/uploads/2025/03/20111231/guay.jpg,Guay,"Rua Almirante Cochrane, 67",Tijuca,"Rua Almirante Cochrane, 67 | Tijuca, Rio de Janeiro - RJ",21995807001,"Terça, das 12h às 23h | Quarta, das 12h às 23h | Quinta, das 12h às 23h | Sexta, das 12h às 23h | Sábado, das 12h às 23h | Domingo, das 12h às 20h |","-22.9213895,-43.2287769",Croquetes Cariocas,Croquetes de arroz de rabada acompanhados de aioli para “xuxar”.,https://comidadibuteco.com.br/buteco/guay/
https://cdb-static-files.s3.amazonaws.com/wp-content/uploads/2025/03/20111238/hora-extra-bar-gourmet.jpg,Hora Extra Bar Gourmet,"Rua Arcozelo, 60",Vila Valqueire,"Rua Arcozelo, 60 | Vila Valqueire, Rio de Janeiro - RJ",21999851785,"Terça, das 18h à 0h | Quarta, das 18h à 0h | Quinta, das 18h à 0h | Sexta, das 18h à 0h | Sábado, das 13h à 0h | Domingo, das 13h às 22h |","-22.8873583,-43.3706654",Explosão Suína,"Trouxinha de linguiça artesanal suína assada, sem pele, temperada com cebola, recheada com queijo catupiry e muçarela, envolvida em fatias finas de bacon.",https://comidadibuteco.com.br/buteco/hora-extra-bar-gourmet/
https://cdb-static-files.s3.amazonaws.com/wp-content/uploads/2025/03/20111259/ladeira-7.jpg,Ladeira 7 Bar,"Ladeira do João Homem, 7 - Saúde",Rio de Janeiro - RJ,"Ladeira do João Homem, 7 - Saúde | Rio de Janeiro - RJ",21969811833,"Domingo, das 12h às 20h | Terça, das 12h às 20h | Quarta, das 12h às 20h | Quinta, das 12h às 20h | Sexta, das 12h às 20h | Sábado, das 12h às 20h |","-22.8975135,-43.1811505",Bolinho da Ladeira,"Bolinho de carne moída recheado com muçarela derretida, acompanhado de geleia de goiaba artesanal.",https://comidadibuteco.com.br/buteco/ladeira-7-bar/
https://cdb-static-files.s3.amazonaws.com/wp-content/uploads/2025/03/20111309/lemelight.jpg,Leme Light,"Rua Gustavo Sampaio, 795",Leme,"Rua Gustavo Sampaio, 795 | Leme, Rio de Janeiro - RJ",2122755498,"Domingo, das 8h à 1h | Segunda, das 8h à 0h | Terça, das 8h à 0h | Quarta, das 8h à 0h | Quinta, das 8h à 0h | Sexta, das 8h à 1h | Sábado, das 8h à 1h |","-22.9630312,-43.1704299",Bodas de Prato,"Costelinha suína desfiada ao molho de barbecue de goiabada, servida sobre massinha assada de feijão-tropeiro. Finalizado com queijo canastra gratinado e crispy de couve.",https://comidadibuteco.com.br/buteco/leme-light/
https://cdb-static-files.s3.amazonaws.com/wp-content/uploads/2025/03/20111316/meatinvila.jpg,Meat in Vila,"Rua Visconde de Abaeté, 139",Vila Isabel,"Rua Visconde de Abaeté, 139 | Vila Isabel, Rio de Janeiro - RJ",21964016410,"Terça, das 17h à 0h | Quarta, das 17h à 0h | Quinta, das 17h à 0h | Sexta, das 17h à 0h | Sábado, das 11h à 0h | Domingo, das 11h às 23h |","-22.9136502,-43.2443823",Tempero Mineiro,Aipim cremoso com ragu de costela com queijo coalho.,https://comidadibuteco.com.br/buteco/meat-in-vila/
https://cdb-static-files.s3.amazonaws.com/wp-content/uploads/2025/03/20111325/medina-pressao.jpg,Medina Pressão,"Rua Medina, 24",Méier,"Rua Medina, 24 | Méier, Rio de Janeiro - RJ",2134737050,"Domingo, das 13h às 20h | Segunda, das 12h às 22h | Terça, das 12h às 22h | Quarta, das 12h às 22h | Quinta, das 12h às 22h | Sexta, das 12h às 22h | Sábado, das 12h às 22h |","-22.9002059,-43.2815182",Extouro,"Massa crocante assada, costela de boi desfiada, agrião, molho aligot gratidão com uma boa pimenta da casa picante.",https://comidadibuteco.com.br/buteco/medina-pressao/
https://cdb-static-files.s3.amazonaws.com/wp-content/uploads/2025/03/20111335/nasceu-do-sol.jpg,Nasceu do Sol,"Rua Barão de Mesquita, 1039",Grajaú,"Rua Barão de Mesquita, 1039 | Grajaú, Rio de Janeiro - RJ",2122680457,"Segunda, das 12h às 23h | Terça, das 12h às 23h | Quarta, das 12h às 23h | Quinta, das 12h às 23h | Sexta, das 12h às 23h | Sábado, das 12h às 23h | Domingo, das 12h às 22h |","-22.9238347,-43.2556449",Embarcados,Bolinho de risoto de camarão com alho-poró e Catupiry. Acompanha molho sour cream feito com limão-siciliano.,https://comidadibuteco.com.br/buteco/nasceu-do-sol/
https://cdb-static-files.s3.amazonaws.com/wp-content/uploads/2025/03/15052831/noo-cachacaria.jpg,Noo Cachaçaria,"Rua Barão de Iguatemi, 358",Praça da Bandeira,"Rua Barão de Iguatemi, 358 | Praça da Bandeira, Rio de Janeiro - RJ",21976877940,"Quarta, das 12h às 23h | Quinta, das 12h às 23h | Sexta, das 12h às 23h | Sábado, das 12h às 23h | Domingo, das 11h às 17h |","-22.9131373,-43.2145837",Torresmo Fake na baroa Cremosa,"Creme de batata-baroa e creme de queijo, com farofa crocante de panko e torresmo de cogumelo crocante.",https://comidadibuteco.com.br/buteco/6237-revision-v1/
https://cdb-static-files.s3.amazonaws.com/wp-content/uploads/2025/03/15052843/novo-oeste.jpg,Novooeste,"Rua Paschoal Carlos Magno, 90",Santa Teresa,"Rua Paschoal Carlos Magno, 90 | Santa Teresa, Rio de Janeiro - RJ",21996601718,"Quarta, das 18h à 0h | Quinta, das 18h à 0h | Sexta, das 18h à 1h | Sábado, das 12h à 1h | Domingo, das 12h à 0h |","-22.9209033,-43.1876466",Caldinho e Bochecha na Cumbuquinha,"Mix de carnes bovinas desfiadas, triângulos de milho frito com parmesão, crispy de alho-poró, aioli de limão-siciliano acompanhada de caldinho de tomate picante.",https://comidadibuteco.com.br/buteco/novooeste/
https://cdb-static-files.s3.amazonaws.com/wp-content/uploads/2025/03/20111344/on-tap-pub.jpg,On Tap Pub,"Rua Major Ávila, 455",Tijuca,"Rua Major Ávila, 455 | Tijuca, Rio de Janeiro - RJ",2135029295,"Domingo, das 12h às 23h | Terça, das 15h às 23h | Quarta, das 15h às 23h | Quinta, das 15h às 23h | Sexta, das 15h às 23h | Sábado, das 12h às 23h | Segunda, das 15h às 23h |","-22.9209492,-43.2335155",Maré Mansa,"Releitura de um clássico dos bares: 3 dadinhos de arroz fritos, cada um deles com camarão bem picadinho com maionese de limão-siciliano, cebolete e finalizado com farofa de bacon, formando famoso “surf and turf”.",https://comidadibuteco.com.br/buteco/on-tap-pub/
https://cdb-static-files.s3.amazonaws.com/wp-content/uploads/2025/03/15052818/os-imortais.jpg,Os Imortais,"Rua Ronald de Carvalho, 147",Copacabana,"Rua Ronald de Carvalho, 147 | Copacabana, Rio de Janeiro - RJ",2135638959,"Segunda, das 12h às 23h | Terça, das 12h às 23h | Quarta, das 12h às 23h | Quinta, das 17h às 23h | Sexta, das 12h às 23h | Sábado, das 12h às 23h | Domingo, das 12h às 23h |","-22.9642737,-43.1772800",XinXim di Mainha,"Frango com temperos baianos, em um caldo de camarão seco com castanha-de-caju e amendoim, com um leve toque de azeite de dendê.",https://comidadibuteco.com.br/buteco/3550-autosave-v1/
https://cdb-static-files.s3.amazonaws.com/wp-content/uploads/2025/03/20111356/pastelaria-do-lido.jpg,Pastelaria do Lido,"Praia José Bonifácio, 59",Paquetá,"Praia José Bonifácio, 59 | Paquetá, Rio de Janeiro - RJ",(21) 3397-0377 (21) 99683-1790,"Quinta, das 11h30 às 17h | Sexta, das 11h30 às 19h | Sábado, das 11h30 às 19h | Domingo, das 11h30 às 19h |","-22.7620097,-43.1101072",Trio Fantástico,"Camarões, polvo e mexilhões em um vinagrete mediterrâneo ao pesto, acompanhados de torradinhas de pão italiano.",https://comidadibuteco.com.br/buteco/pastelaria-do-lido/
https://cdb-static-files.s3.amazonaws.com/wp-content/uploads/2025/03/15052754/queijaria-vargem-grande.jpg,Queijaria de Vargem Grande,"Estrada dos Bandeirantes, 24047",Vargem Grande,"Estrada dos Bandeirantes, 24047 | Vargem Grande, Rio de Janeiro - RJ",21973051225,"Domingo, das 12h às 20h  | Quarta, das 12h às 22h | Quinta, das 12h às 22h | Sexta, das 12h às 23h | Sábado, das 12h às 23h |","-22.9814399,-43.4908803",TREM BÃO,"Trio de massa caseira servido em cestinhos crocantes, com 3 versões de recheios. Uma mistura da culinária mineira, acompanhada de um “cadim” de geleia de pimenta e creme de hortelã.",https://comidadibuteco.com.br/buteco/queijaria-de-vargem-grande/
https://cdb-static-files.s3.amazonaws.com/wp-content/uploads/2025/03/20111404/quital-do-graja.jpg,Quintal DuGraja,"Rua Caçapava, 2",Grajaú,"Rua Caçapava, 2 | Grajaú, Rio de Janeiro - RJ",21998963113,"Quarta, das 11h às 23h | Quinta, das 11h às 23h | Sexta, das 11h às 23h | Sábado, das 11h às 23h | Domingo, das 11h às 18h |","-22.9263345,-43.2576756",Jambalaia a moda quintal,"Refogado de camarões, bacon e linguiça calabresa e paio, com queijo coalho grelhado, no tempero Cajun, símbolo da culinária da Louisiana, criado com toques da cozinha francesa, africana e caribenha. Acompanhado da tradicional farofa crocante do Quintal Dugraja, com leve toque de pimenta-dedo-de-moça.",https://comidadibuteco.com.br/buteco/quintal-dugraja/
https://cdb-static-files.s3.amazonaws.com/wp-content/uploads/2025/03/15052742/quiosque-do-luiz.jpg,Quiosque do Luiz,"Rua Paramopama, 365 ",Ribeira,"Rua Paramopama, 365  | Ribeira, Rio de Janeiro - RJ",21981751053,"Quarta, das 18h à 0h | Quinta, das 18h à 0h | Sexta, das 18h à 0h | Sábado, das 17h à 0h | Domingo, das 12h às 18h |","-22.8240093,-43.1706877",Guacarresmo,Torresmo frito em barra acompanhado de guacamole.,https://comidadibuteco.com.br/buteco/quiosque-do-luiz/
https://cdb-static-files.s3.amazonaws.com/wp-content/uploads/2025/03/20111413/raizes-gastrobar.jpg,Raízes Gastrobar,"Estrada dos Três Rios, 470",Freguesia (Jacarepaguá),"Estrada dos Três Rios, 470 | Freguesia (Jacarepaguá), Rio de Janeiro - RJ",21977016899,"Terça, das 12h à 0h | Quarta, das 12h à 0h | Quinta, das 12h à 0h | Sexta, das 12h à 0h | Sábado, das 12h à 0h | Domingo, das 12h às 22h |","-22.9386086,-43.3396905",Buteco in festa,"Costela bovina temperada e desfiada, bacon em cubos e queijo muçarela, enrolados em massa artesanal com leve toque de limão-siciliano, empanada e coberta com mais queijo muçarela maçaricado, acompanhado com maionese de alho da casa.",https://comidadibuteco.com.br/buteco/raizes-gastrobar/
https://cdb-static-files.s3.amazonaws.com/wp-content/uploads/2025/03/20111428/reginaldos-bar.jpg,Reginaldo’s Bar,"Rua João Silva, 162",Olaria,"Rua João Silva, 162 | Olaria, Rio de Janeiro - RJ",21976551837,"Quarta, das 16h às 22h | Quinta, das 16h às 22h | Sexta, das 16h às 22h | Sábado, das 12h às 22h | Domingo, das 12h às 22h |","-22.8480496,-43.2607463",Deu moela no cajueiro,Quatro bolos de croquete de moela com geleia de caju com “chero”.,https://comidadibuteco.com.br/buteco/reginaldos-bar/
https://cdb-static-files.s3.amazonaws.com/wp-content/uploads/2025/03/20111441/rei-do-bacalhau.jpg,Rei do Bacalhau,"Rua Guilhermina, 596",Encantado,"Rua Guilhermina, 596 | Encantado, Rio de Janeiro - RJ",2122897246,"Domingo, das 11h às 18h | Terça, das 11h às 22h | Quarta, das 11h às 22h | Quinta, das 11h às 22h | Sexta, das 11h às 23h | Sábado, das 11h às 23h |","-22.8897105,-43.3010781",Ventapá de Bacalhau,Vatapá com lascas de bacalhau temperado.,https://comidadibuteco.com.br/buteco/rei-do-bacalhau/
https://cdb-static-files.s3.amazonaws.com/wp-content/uploads/2025/03/15052713/sabara.jpg,Sabará,"Rua Almirante Gavião, 11",Tijuca,"Rua Almirante Gavião, 11 | Tijuca, Rio de Janeiro - RJ",21999526110,"Domingo, das 11h às 23h | Segunda, das 11h às 16h | Terça, das 11h à 0h | Quarta, das 11h à 0h | Quinta, das 11h à 0h | Sexta, das 11h à 0h | Sábado, das 11h à 0h |","-22.9189027,-43.2139865",No Sufoco do Boteco,"Torrada recheada com bacalhau, camarão e especiarias gratinados.",https://comidadibuteco.com.br/buteco/sabara/
https://cdb-static-files.s3.amazonaws.com/wp-content/uploads/2025/03/20111524/cafeebarselodeouro.jpg,Selo de Ouro,"Rua Artur Bernardes, 58",Catete,"Rua Artur Bernardes, 58 | Catete, Rio de Janeiro - RJ",2134866589,"Domingo, das 12h às 23h | Segunda, das 12h às 23h | Terça, das 12h às 23h | Quarta, das 12h às 23h | Quinta, das 12h às 23h | Sexta, das 12h às 23h | Sábado, das 12h às 23h |","-22.9282720,-43.1790599",Rabo de Ouro,Farofa de cuscuz recheada com rabada com molho pesto de agrião.,https://comidadibuteco.com.br/buteco/selo-de-ouro/
https://cdb-static-files.s3.amazonaws.com/wp-content/uploads/2025/03/20111543/seu-cristovao.jpg,Seu Cristóvão,"Rua São Cristóvão, 291",Rio de Janeiro - RJ,"Rua São Cristóvão, 291 | Rio de Janeiro - RJ",2138605278,"Segunda, das 11h à 0h | Terça, das 11h à 0h | Quarta, das 11h à 0h | Quinta, das 11h às 00h45 | Sexta, das 11h às 00h45 | Sábado, das 11h às 00h45 |","-22.9060638,-43.2180270",Coração di buteco,Coração de galinha ao molho de ostra e pimenta-de-cheiro.,https://comidadibuteco.com.br/buteco/seu-cristovao/
https://cdb-static-files.s3.amazonaws.com/wp-content/uploads/2025/03/15052725/spettinho-original-1.jpg,Spettinho Original,"Rua Cachambi, 409",Cachambi,"Rua Cachambi, 409 | Cachambi, Rio de Janeiro - RJ",21985775151,"Terça, das 17h à 0h | Quarta, das 17h à 0h | Quinta, das 17h à 0h | Sexta, das 17h à 0h | Sábado, das 17h à 0h | Domingo, das 12h às 23h |","-22.8888562,-43.2744999",Ai que sacanagem!,Mini-espetinhos empanados de sacanagem com camarão e bacon com molho com toque de gorgonzola e pimenta.,https://comidadibuteco.com.br/buteco/spettinho-original/
https://cdb-static-files.s3.amazonaws.com/wp-content/uploads/2025/03/20111556/tartaros-bar-e-grill.jpg,Tártaros Bar e Grill,"Rua Grajaú, 22",Grajaú,"Rua Grajaú, 22 | Grajaú, Rio de Janeiro - RJ",2132516718,"Terça, das 17h às 23h30 | Quarta, das 17h às 23h30 | Quinta, das 17h às 23h30 | Sexta, das 11h30 às 23h30 | Sábado, das 11h30 às 23h30 | Domingo, das 11h30 às 23h30 |","-22.9232924,-43.2610984",Onde há fumaça… Há festa!!!,Cestinha de massa crocante com frango cremoso defumado com alho-poró e Catupiry original. Com torresmo e teriyaki de rapadura.,https://comidadibuteco.com.br/buteco/tartaros-bar-e-grill/
https://cdb-static-files.s3.amazonaws.com/wp-content/uploads/2025/03/20111604/tasca-carvalho.jpg,Tasca Carvalho,"Rua Ronald de Carvalho, 266",Copacabana,"Rua Ronald de Carvalho, 266 | Copacabana, Rio de Janeiro - RJ",21999579845,"Terça, das 18h à 0h | Quarta, das 18h à 0h | Quinta, das 18h à 0h | Sexta, das 18h à 0h | Sábado, das 16h à 0h | Domingo, das 16h às 22h |","-22.9639014,-43.1773279",Espeta com o pau e lambe os beiços,"Carne de porco, salsicha e linguiça frita, servidas com um molho especial. Acompanha uma farofa com crispy de beterraba e um piri-piri.",https://comidadibuteco.com.br/buteco/tasca-carvalho/
https://cdb-static-files.s3.amazonaws.com/wp-content/uploads/2025/03/20111612/tibar-churrasquinho-do-mar.jpg,Tibar Taquara,"Rua Salinópolis, 148",Taquara,"Rua Salinópolis, 148 | Taquara, Rio de Janeiro - RJ",2134864234,"Terça, das 12h à 0h | Quarta, das 12h à 0h | Quinta, das 12h à 0h | Sexta, das 12h à 0h | Sábado, das 12h à 0h | Domingo, das 12h à 0h |","-22.9177658,-43.3864695",Churrasquinho do Mar,"Deliciosas kaftas de peixe, camarão e bacalhau, com molho de queijo para acompanhar.",https://comidadibuteco.com.br/buteco/tibar/
https://cdb-static-files.s3.amazonaws.com/wp-content/uploads/2025/03/15052622/tio-juca.jpg,Tio Juca,"Rua General Espírito Santo Cardoso, 438",Tijuca,"Rua General Espírito Santo Cardoso, 438 | Tijuca, Rio de Janeiro - RJ",21972227686,"Terça, das 18h às 23h | Quarta, das 18h às 23h | Quinta, das 18h às 23h | Sexta, das 15h às 23h | Sábado, das 12h às 23h | Domingo, das 12h às 23h.","-22.9310847,-43.2451858",Olha a Sardinha!!,Bolinho de sardinha com maionese de lemon pepper e uma geleia irresistível de maracujá com pimenta dedo-de-moça.,https://comidadibuteco.com.br/buteco/tio-juca/
https://cdb-static-files.s3.amazonaws.com/wp-content/uploads/2025/03/20111720/ton-na-boa.jpg,Tô na Boa,"Rua Luís Borracha, 722",Vargem Grande,"Rua Luís Borracha, 722 | Vargem Grande, Rio de Janeiro - RJ",21967153065,"Quinta, das 10h às 22h | Sexta, das 10h às 22h | Sábado, das 10h às 22h | Domingo, das 10h às 20h | Quarta, das 10h às 19h |","-22.9606401,-43.4886645",Fé no boteco!,"Ensopado de banana verde, com caponata de jiló e batata-doce chips.",https://comidadibuteco.com.br/buteco/to-na-boa/
https://cdb-static-files.s3.amazonaws.com/wp-content/uploads/2025/03/20112017/to-na-mata.jpg,Tonamata,"Estrada Pacuí, 880",Rio de Janeiro - RJ,"Estrada Pacuí, 880 | Rio de Janeiro - RJ",21966427031,"Domingo, das 12h às 22h | Terça, das 12h às 16h | Quarta, das 12h à 16h | Quinta, das 12h à 0h | Sexta, das 12h à 0h | Sábado, das 12h às 0h |","-22.9680308,-43.4941016",Saberes e Sabores de um BRASIL Plural – Uma grande homenagem aos 25 anos do Comida Di Buteco em uma VIAGEM pelo BRASIL.,"5 tipos de bolinhos, representando as regiões do Brasil: Norte – bolinho de pato com geleia de tucupi; Nordeste – bolinho moqueca baiana de frutos do mar com molho de pimenta; Centro-Oeste – bolinho de baião de dois com queijo coalho; Sudeste – bolinho de jiló com linguiça mineira com chutney de goiabada; Sul – bolinho de arroz carreteiro com ragu de costela defumada.",https://comidadibuteco.com.br/buteco/tonamata/
https://cdb-static-files.s3.amazonaws.com/wp-content/uploads/2025/03/15052602/varandao-do-mozoca.jpg,Varandão do Mozoca,"Rua Adriano, 235",Todos os Santos,"Rua Adriano, 235 | Todos os Santos, Rio de Janeiro - RJ",21964308878,"Terça, das 11h30 às 22h | Quarta, das 11h30 às 22h | Quinta, das 11h30 às 22h | Sexta, das 11h30 às 22h | Sábado, das 11h30 às 22h | Domingo, das 11h30 às 20h |","-22.8978283,-43.2875859",Croquete do Mozoca,Bolinho de carne desfiada.,https://comidadibuteco.com.br/buteco/varandao-do-mozoca/
https://cdb-static-files.s3.amazonaws.com/wp-content/uploads/2025/03/20112054/varandao-do-valqueire.jpg,Varandão do Valqueire,"Rua Jambeiro, 433",Rio de Janeiro - RJ,"Rua Jambeiro, 433 | Rio de Janeiro - RJ",21990799532,"Domingo, das 11h às 21h | Segunda, das 11h às 16h | Terça, das 11h às 23h | Quarta, das 11h às 23h | Quinta, das 11h às 23h | Sexta, das 11h às 23h | Sábado, das 11h às 23h |","-22.9810103,-43.6947596",Rabada a pururuca,Rabada desfiada à pururuca acompanhada ao molho di buteco.,https://comidadibuteco.com.br/buteco/varandao-do-valqueire/
https://cdb-static-files.s3.amazonaws.com/wp-content/uploads/2025/03/20112122/victor-bar.jpg,Victor Bar,"Rua Riachuelo, 32",Centro,"Rua Riachuelo, 32 | Centro, Rio de Janeiro - RJ",2125078059,"Segunda, das 11h à 0h | Terça, das 11h à 0h | Quarta, das 11h à 0h | Quinta, das 11h à 0h | Sexta, das 11h à 1h | Sábado, das 11h à 1h | Domingo, das 11h às 22h |","-22.9145807,-43.1894349",O Sabor do Sucesso,"Cesta crocante recheada com lombo suíno desfiado e marinado em ervas finas, finalizado com cachaça de jambu em uma cama com pasta de cream cheese, alho-poró e limão-siciliano. Finalizado com mix de queijos gratinado e acompanhado com barbecue defumado de abacaxi artesanal.",https://comidadibuteco.com.br/buteco/victor-bar/
https://cdb-static-files.s3.amazonaws.com/wp-content/uploads/2025/03/15052544/vigal-bar.jpg,Vigal Bar,"Rua Lopo Saraiva, 179",Tanque,"Rua Lopo Saraiva, 179 | Tanque, Rio de Janeiro - RJ",2134959535,"Domingo, das 11h às 18h | Segunda, das 11h às 16h | Terça, das 11h às 16h | Quarta, das 11h às 22h | Quinta, das 11h às 22h | Sexta, das 11h às 23h | Sábado, das 11h às 23h |","-22.9269398,-43.3597885",Porquinho na cuxxxtela da vaca,"3 bolinhos de costela cremosos, cada um recheado com um tipo de queijo (gorgonzola, coalho e muçarela) empanados na farinha de torresmo.",https://comidadibuteco.com.br/buteco/vigal-bar/
https://cdb-static-files.s3.amazonaws.com/wp-content/uploads/2025/03/20112128/vila-rica.jpg,Vila Rica,"Rua Cândido Mendes, 16",Glória,"Rua Cândido Mendes, 16 | Glória, Rio de Janeiro - RJ",2125096592,"Segunda, das 12h à 0h | Terça, das 12h à 0h | Quarta, das 12h à 0h | Quinta, das 12h à 0h | Sexta, das 12h à 0h | Sábado, das 12h à 0h | Domingo, das 12h à 0h |","-22.9195666,-43.1786547",Trio trem bão,"Três minipães de polvilho com queijo, recheados com três sabores e três opções de acompanhamentos. Recheios: ragu de linguiça, abobrinha com berinjela e frango no dry rub. Acompanhamentos: mostarda com geleia de cerveja; creme de café com geleia de pimenta; e purê de banana-da-terra.",https://comidadibuteco.com.br/buteco/vila-rica/
https://cdb-static-files.s3.amazonaws.com/wp-content/uploads/2025/03/20112135/zinho-bier.jpg,Zinho Bier,"Rua São Luiz Gonzaga, 2330",Benfica,"Rua São Luiz Gonzaga, 2330 | Benfica, Rio de Janeiro - RJ",21971099760,"Segunda, das 11h às 16h | Terça, das 11h às 16h | Quarta, das 11h às 16h | Quinta, das 11h às 23h | Sexta, das 11h às 23h | Sábado, das 11h às 23h | Domingo, das 11h às 17h |","-22.8952990,-43.2378741",Presentes do Zinho,"Um kit com duas coxinhas de costela suína no bafo, sem massa, com molho cremoso de limão-siciliano, e dois quibes de costela, à la ZINHO BIER, recheados com queijo e bacon, com molho cremoso de cerveja preta. Um dos molhos pode ser trocado por molho barbecue.",https://comidadibuteco.com.br/buteco/zinho-bier/
